{
  "full_batch": {
    "N": 500,
    "d": 110,
    "eps": 0.03787756163846686,
    "delta": 2.6992064472921813,
    "mu_min": 0.000999999994724014,
    "seff": 960.4858950623468,
    "bound_iv4": 2738.0840233714653
  },
  "mini_batch_results": {
    "25": {
      "batch_size": 25,
      "n_draws": 50,
      "xi_H_mean": 1.7493498563766479,
      "xi_H_std": 0.46559377719516937,
      "xi_H_max": 3.176518201828003,
      "xi_F_mean": 0.0025285108208916176,
      "xi_F_std": 0.000989259623342082,
      "xi_F_max": 0.004695400197948847,
      "seff_B_mean": 1499.015991225316,
      "seff_B_std": 277.0909503876718,
      "seff_B_min": 1034.3738075107347,
      "seff_B_max": 2309.759301394184,
      "seff_full": 960.4858950623468,
      "bound_holds_count": 50,
      "bound_holds_fraction": 1.0,
      "xi_F_lt_mu_min_count": 0
    },
    "50": {
      "batch_size": 50,
      "n_draws": 50,
      "xi_H_mean": 1.2252966558933258,
      "xi_H_std": 0.23581555243091523,
      "xi_H_max": 2.009047269821167,
      "xi_F_mean": 0.001702715151438283,
      "xi_F_std": 0.0005629096788517672,
      "xi_F_max": 0.0031502400859547124,
      "seff_B_mean": 1248.941048654663,
      "seff_B_std": 203.4829191799157,
      "seff_B_min": 884.2186921354294,
      "seff_B_max": 1765.1184781139193,
      "seff_full": 960.4858950623468,
      "bound_holds_count": 50,
      "bound_holds_fraction": 1.0,
      "xi_F_lt_mu_min_count": 1
    },
    "100": {
      "batch_size": 100,
      "n_draws": 50,
      "xi_H_mean": 0.7979612624645234,
      "xi_H_std": 0.17194180021042768,
      "xi_H_max": 1.2449833154678345,
      "xi_F_mean": 0.0010460415917961515,
      "xi_F_std": 0.00021782272311451407,
      "xi_F_max": 0.0016203211431527348,
      "seff_B_mean": 1152.6270920374911,
      "seff_B_std": 137.971718577299,
      "seff_B_min": 922.1679802866097,
      "seff_B_max": 1527.431087661038,
      "seff_full": 960.4858950623468,
      "bound_holds_count": 50,
      "bound_holds_fraction": 1.0,
      "xi_F_lt_mu_min_count": 23
    },
    "250": {
      "batch_size": 250,
      "n_draws": 50,
      "xi_H_mean": 0.4047089999914169,
      "xi_H_std": 0.08210589917589942,
      "xi_H_max": 0.6463212370872498,
      "xi_F_mean": 0.0005327750926329001,
      "xi_F_std": 0.00010012754822819159,
      "xi_F_max": 0.0008299608595768052,
      "seff_B_mean": 1024.6411013359395,
      "seff_B_std": 49.98330571755266,
      "seff_B_min": 921.6107765937056,
      "seff_B_max": 1137.0441307894127,
      "seff_full": 960.4858950623468,
      "bound_holds_count": 50,
      "bound_holds_fraction": 1.0,
      "xi_F_lt_mu_min_count": 50
    },
    "500": {
      "batch_size": 500,
      "n_draws": 50,
      "xi_H_mean": 9.932889656738553e-07,
      "xi_H_std": 1.5342303109094393e-07,
      "xi_H_max": 1.476605916650442e-06,
      "xi_F_mean": 5.450353218208575e-10,
      "xi_F_std": 9.564827378787872e-11,
      "xi_F_max": 8.745048822437166e-10,
      "seff_B_mean": 960.4859151109531,
      "seff_B_std": 7.69630916502144e-05,
      "seff_B_min": 960.4857012176146,
      "seff_B_max": 960.486109924331,
      "seff_full": 960.4858950623468,
      "bound_holds_count": 50,
      "bound_holds_fraction": 1.0,
      "xi_F_lt_mu_min_count": 50
    }
  }
}